id_emploi;id_competencer;niveaur
1;1;4
1;10;3
1;18;4
1;19;4
1;21;4
1;49;4
1;50;4
1;51;4
1;52;4
1;53;4
1;54;4
1;55;4
1;56;4
1;57;4
1;58;4
1;59;4
1;60;3
1;61;3
1;62;4
1;63;4
1;66;3
1;69;4
1;72;4
1;73;4
1;74;4
1;75;2
1;76;4
1;77;4
1;80;4
1;101;4
1;106;3
1;120;4
1;123;4
1;124;4
1;125;3
1;126;4
1;127;4
1;128;4
1;129;4
1;131;4
1;133;4
1;134;4
1;138;3
1;140;4
1;142;3
1;144;4
1;146;4
1;168;4
1;169;4
1;174;4
1;175;4
1;176;4
1;178;4
1;186;3
2;1;4
2;10;3
2;18;4
2;21;3
2;49;4
2;50;4
2;51;4
2;52;4
2;53;4
2;54;4
2;55;4
2;56;4
2;57;4
2;58;4
2;59;4
2;60;3
2;61;4
2;62;4
2;63;4
2;66;3
2;69;4
2;72;4
2;73;4
2;74;4
2;75;3
2;76;4
2;77;4
2;80;4
2;101;4
2;106;3
2;120;4
2;123;4
2;124;4
2;125;3
2;126;4
2;127;4
2;128;4
2;129;3
2;131;4
2;133;4
2;134;4
2;140;4
2;142;2
2;144;4
2;146;4
2;168;4
2;169;4
2;174;4
2;175;4
2;176;4
2;178;4
2;186;4
2;5;3
2;6;1
2;11;4
2;17;3
2;25;2
2;26;3
2;27;3
2;39;3
2;40;4
2;43;3
2;44;2
2;45;2
2;46;3
2;79;4
2;92;3
2;93;3
2;94;3
2;95;2
2;96;3
2;97;4
2;98;3
2;99;3
2;100;3
2;102;3
2;103;3
2;104;3
2;105;3
2;107;3
2;108;3
2;109;3
2;110;3
2;111;3
2;112;3
2;117;3
2;118;3
2;119;2
2;132;4
2;135;4
2;143;3
3;1;4
3;10;1
3;18;4
3;21;4
3;49;4
3;50;4
3;51;4
3;52;4
3;53;4
3;54;4
3;55;4
3;56;4
3;57;4
3;58;4
3;59;4
3;60;4
3;61;4
3;62;4
3;63;4
3;72;4
3;73;4
3;74;4
3;75;3
3;76;4
3;77;4
3;80;4
3;101;3
3;106;4
3;120;3
3;123;4
3;124;4
3;125;4
3;126;4
3;127;4
3;128;4
3;129;4
3;131;4
3;134;4
3;140;4
3;142;4
3;144;3
3;146;3
3;168;4
3;169;4
3;174;4
3;175;4
3;176;3
3;178;3
3;186;4
3;5;4
3;6;3
3;11;4
3;17;3
3;25;4
3;26;4
3;27;3
3;39;4
3;40;4
3;43;3
3;44;3
3;45;3
3;46;2
3;79;4
3;92;2
3;93;2
3;94;2
3;95;2
3;96;2
3;97;2
3;98;2
3;99;3
3;100;3
3;102;3
3;104;3
3;107;2
3;108;2
3;109;2
3;110;4
3;111;2
3;112;2
3;117;3
3;118;4
3;119;3
3;132;4
3;135;4
3;143;3
3;22;4
3;23;3
3;30;4
3;31;4
3;34;4
3;36;4
3;38;4
3;41;4
3;42;4
3;78;4
3;130;4
3;147;3
3;148;3
3;149;3
3;161;3
3;164;3
3;179;2
3;181;3
3;182;2
3;183;3
3;185;4
4;1;4
4;10;4
4;18;4
4;19;4
4;21;4
4;49;4
4;50;4
4;51;4
4;52;4
4;53;4
4;54;4
4;55;4
4;56;4
4;57;4
4;58;4
4;59;4
4;60;4
4;61;4
4;62;4
4;63;4
4;69;4
4;72;4
4;73;4
4;74;4
4;75;4
4;76;4
4;77;4
4;80;4
4;101;3
4;106;3
4;120;3
4;123;4
4;124;4
4;125;4
4;126;4
4;127;4
4;128;4
4;129;4
4;131;4
4;133;4
4;134;4
4;140;4
4;142;4
4;144;4
4;146;4
4;168;4
4;174;4
4;175;4
4;176;4
4;178;4
4;186;3
4;5;4
4;11;4
4;17;3
4;25;4
4;26;4
4;27;4
4;39;4
4;79;4
4;92;3
4;93;3
4;94;3
4;95;3
4;96;3
4;97;3
4;98;3
4;99;3
4;100;3
4;102;3
4;103;3
4;104;3
4;105;3
4;107;3
4;108;3
4;109;3
4;110;3
4;111;3
4;112;3
4;117;3
4;118;4
4;119;4
4;132;4
4;143;4
4;23;4
4;30;4
4;31;3
4;34;3
4;38;3
4;130;4
4;147;4
4;148;4
4;149;4
4;161;4
4;183;3
4;185;4
4;24;4
4;28;4
4;29;4
4;32;4
4;33;4
4;35;4
4;37;4
4;114;4
4;115;4
4;116;4
4;150;4
4;151;4
4;152;4
4;159;4
4;160;4
4;173;3
4;180;4
4;184;3
5;1;4
5;18;4
5;21;4
5;49;4
5;50;4
5;51;4
5;52;4
5;53;4
5;54;4
5;55;4
5;56;4
5;57;4
5;58;4
5;59;4
5;60;4
5;61;4
5;62;4
5;63;4
5;69;4
5;72;4
5;73;4
5;74;4
5;75;4
5;76;4
5;77;4
5;80;4
5;101;3
5;106;3
5;120;3
5;123;4
5;124;4
5;125;4
5;126;4
5;127;4
5;128;4
5;129;4
5;131;4
5;133;4
5;134;4
5;140;4
5;142;4
5;144;4
5;146;4
5;168;4
5;169;4
5;174;4
5;175;4
5;176;4
5;178;4
5;186;3
5;5;4
5;11;4
5;17;3
5;25;3
5;26;3
5;27;3
5;39;4
5;40;3
5;43;4
5;46;3
5;79;4
5;92;3
5;93;3
5;94;3
5;95;3
5;96;3
5;97;3
5;98;3
5;99;3
5;100;3
5;102;3
5;103;3
5;104;3
5;105;3
5;107;3
5;108;3
5;109;3
5;110;3
5;111;3
5;112;3
5;117;3
5;119;4
5;132;4
5;143;3
5;22;3
5;23;4
5;31;3
5;34;3
5;36;3
5;38;3
5;130;4
5;147;4
5;148;4
5;149;4
5;161;4
5;183;3
5;185;4
5;24;4
5;28;4
5;29;4
5;32;4
5;33;4
5;37;2
5;114;3
5;116;4
5;150;4
5;151;3
5;152;4
5;159;4
5;160;4
5;180;4
5;184;3
5;145;4
6;1;4
6;18;4
6;21;4
6;49;4
6;50;4
6;51;4
6;52;4
6;53;4
6;54;4
6;55;4
6;56;4
6;57;4
6;58;4
6;59;4
6;60;4
6;61;4
6;62;4
6;63;4
6;66;4
6;69;4
6;73;4
6;74;4
6;75;4
6;76;4
6;77;4
6;80;4
6;101;3
6;123;4
6;124;4
6;125;4
6;126;4
6;127;4
6;128;4
6;129;4
6;131;4
6;133;4
6;134;4
6;140;4
6;144;4
6;146;4
6;168;4
6;169;4
6;174;4
6;175;4
6;176;4
6;178;4
6;5;4
6;11;4
6;39;4
6;79;4
6;132;4
6;130;4
6;147;4
6;148;4
6;149;4
6;161;4
6;183;3
6;185;4
6;150;4
6;159;4
6;160;4
6;173;4
6;180;4
6;64;4
6;65;4
6;67;4
6;68;4
6;70;4
6;71;4
6;90;4
6;91;4
6;172;4
7;1;4
7;18;4
7;21;4
7;49;4
7;50;4
7;51;4
7;52;4
7;53;4
7;54;4
7;55;4
7;56;4
7;57;4
7;58;4
7;59;4
7;60;4
7;61;4
7;62;4
7;63;4
7;69;4
7;73;4
7;74;4
7;75;4
7;76;4
7;77;4
7;80;4
7;123;4
7;124;4
7;125;4
7;126;4
7;127;4
7;128;4
7;129;4
7;131;4
7;133;4
7;134;4
7;144;3
7;146;4
7;168;4
7;169;4
7;174;4
7;175;4
7;176;4
7;178;4
7;5;4
7;11;4
7;39;4
7;79;4
7;132;4
7;130;4
7;147;4
7;148;4
7;149;4
7;161;4
7;164;4
7;183;3
7;185;4
7;150;4
7;159;4
7;160;4
7;180;4
7;89;4
7;162;4
7;163;4
7;165;4
7;166;4
8;1;4
8;18;4
8;21;4
8;49;4
8;50;4
8;51;4
8;52;4
8;53;4
8;54;4
8;55;4
8;56;4
8;57;4
8;58;4
8;59;4
8;60;4
8;61;4
8;62;4
8;63;4
8;69;3
8;72;4
8;73;4
8;74;4
8;75;4
8;76;4
8;77;4
8;101;3
8;106;4
8;124;4
8;125;4
8;127;4
8;128;4
8;129;4
8;131;4
8;133;4
8;140;4
8;142;4
8;144;4
8;146;4
8;168;4
8;169;4
8;174;4
8;175;4
8;176;4
8;178;4
8;186;3
8;5;4
8;11;4
8;17;3
8;25;3
8;26;4
8;27;4
8;39;4
8;43;2
8;46;3
8;92;3
8;93;3
8;94;3
8;95;3
8;96;3
8;97;3
8;98;3
8;99;3
8;100;3
8;102;4
8;105;4
8;107;3
8;108;3
8;109;3
8;110;3
8;111;4
8;112;4
8;117;3
8;118;4
8;119;4
8;132;4
8;143;3
8;22;3
8;23;4
8;30;3
8;31;3
8;34;2
8;38;2
8;130;4
8;147;4
8;148;4
8;149;4
8;161;4
8;185;4
8;24;4
8;28;4
8;29;4
8;32;4
8;33;4
8;37;2
8;114;3
8;115;4
8;116;4
8;150;4
8;151;4
8;152;4
8;159;4
8;145;4
9;1;4
9;10;3
9;18;4
9;21;4
9;49;4
9;50;4
9;51;4
9;52;4
9;53;4
9;54;4
9;55;4
9;56;4
9;57;4
9;58;4
9;59;4
9;60;4
9;61;4
9;62;4
9;63;4
9;66;3
9;69;4
9;72;4
9;73;4
9;74;4
9;75;4
9;76;4
9;77;4
9;80;4
9;101;4
9;106;4
9;120;3
9;124;4
9;125;4
9;126;4
9;127;4
9;128;4
9;129;4
9;131;4
9;133;4
9;134;4
9;140;4
9;142;4
9;144;4
9;146;4
9;168;4
9;169;4
9;174;4
9;175;4
9;176;4
9;178;4
9;186;3
9;5;3
9;11;4
9;17;2
9;25;3
9;26;4
9;27;4
9;39;4
9;40;3
9;43;3
9;44;3
9;45;3
9;46;3
9;79;4
9;92;3
9;93;3
9;94;3
9;95;3
9;96;3
9;97;3
9;98;3
9;99;3
9;100;3
9;102;3
9;103;3
9;104;3
9;105;4
9;107;3
9;108;3
9;109;3
9;110;3
9;111;4
9;112;4
9;117;4
9;118;4
9;119;4
9;132;4
9;143;3
9;22;4
9;23;4
9;30;3
9;34;2
9;36;3
9;38;3
9;42;4
9;130;4
9;147;4
9;148;4
9;149;4
9;161;4
9;185;4
9;24;4
9;28;4
9;29;4
9;32;4
9;33;4
9;35;4
9;37;4
9;114;3
9;115;4
9;116;2
9;150;4
9;151;4
9;152;4
9;159;4
9;160;4
9;173;3
9;180;3
9;184;3
9;145;4
9;64;3
9;70;4
9;90;3
9;48;1
9;113;3
9;177;3
10;1;4
10;18;4
10;19;4
10;21;4
10;49;4
10;50;4
10;51;4
10;52;4
10;53;4
10;54;4
10;55;4
10;56;4
10;57;4
10;58;4
10;59;4
10;60;4
10;61;4
10;62;4
10;63;4
10;69;3
10;73;4
10;74;4
10;75;2
10;76;4
10;77;4
10;80;3
10;123;4
10;124;4
10;125;4
10;126;4
10;127;4
10;128;4
10;129;3
10;131;4
10;134;3
10;138;4
10;140;4
10;142;4
10;144;3
10;146;4
10;5;4
10;11;3
10;39;3
10;79;3
10;132;4
10;41;4
10;130;4
10;147;4
10;148;4
10;149;4
10;161;4
10;150;4
10;159;3
10;160;3
10;89;3
10;2;3
10;20;3
10;122;4
10;136;4
10;137;4
10;139;4
10;141;4
11;1;4
11;18;3
11;21;4
11;49;4
11;50;4
11;51;4
11;52;4
11;53;4
11;54;4
11;55;4
11;56;4
11;57;4
11;58;4
11;59;4
11;60;4
11;61;4
11;62;4
11;63;4
11;69;3
11;73;4
11;74;4
11;75;3
11;76;3
11;77;4
11;80;4
11;123;3
11;124;4
11;125;4
11;126;4
11;127;4
11;128;4
11;131;4
11;133;3
11;134;3
11;140;4
11;144;4
11;146;4
11;174;4
11;175;4
11;176;3
11;178;3
11;5;4
11;11;4
11;17;3
11;39;3
11;43;3
11;79;3
11;132;4
11;41;4
11;130;4
11;147;4
11;148;4
11;149;4
11;161;4
11;185;3
11;150;4
11;159;4
11;160;4
11;173;4
11;177;3
11;2;3
11;137;4
11;139;3
11;153;4
11;154;4
11;155;4
11;156;4
11;157;4
11;158;4
12;1;4
12;18;3
12;21;4
12;49;4
12;50;4
12;51;4
12;52;4
12;53;4
12;54;4
12;55;4
12;56;4
12;57;4
12;58;4
12;59;4
12;60;4
12;61;4
12;62;4
12;63;4
12;69;3
12;73;2
12;74;3
12;75;4
12;76;2
12;77;3
12;80;3
12;124;4
12;125;4
12;126;4
12;127;4
12;128;3
12;129;3
12;131;4
12;133;3
12;134;3
12;142;4
12;144;3
12;146;4
12;168;4
12;169;4
12;174;4
12;175;4
12;176;3
12;178;4
12;5;4
12;11;4
12;39;4
12;79;3
12;132;4
12;41;4
12;130;4
12;147;4
12;148;3
12;149;4
12;161;4
12;183;3
12;185;4
12;150;4
12;159;3
12;160;3
12;173;4
12;177;4
12;2;3
12;3;3
12;4;3
12;170;4
13;1;4
13;18;4
13;21;4
13;49;4
13;50;4
13;51;4
13;52;4
13;53;4
13;54;4
13;55;4
13;56;4
13;57;4
13;58;4
13;59;4
13;60;4
13;61;4
13;62;4
13;63;4
13;69;4
13;73;2
13;74;4
13;75;3
13;76;4
13;77;4
13;80;3
13;123;4
13;124;4
13;125;4
13;126;4
13;127;4
13;128;3
13;129;3
13;131;4
13;134;3
13;144;3
13;146;4
13;168;4
13;169;4
13;174;4
13;175;4
13;176;4
13;178;4
13;5;3
13;39;2
13;79;3
13;132;4
13;41;3
13;130;4
13;147;3
13;148;3
13;149;4
13;161;4
13;164;3
13;183;3
13;185;4
13;150;3
13;159;3
13;160;3
13;173;4
13;180;4
13;90;4
13;91;4
13;89;4
13;162;4
13;165;4
13;166;4
13;177;3
13;2;3
13;167;3
14;1;4
14;18;3
14;21;4
14;49;4
14;50;4
14;51;4
14;52;4
14;53;4
14;54;4
14;55;4
14;56;4
14;57;4
14;58;4
14;59;4
14;60;4
14;61;4
14;62;4
14;63;4
14;66;4
14;69;3
14;73;2
14;74;4
14;75;4
14;76;4
14;77;3
14;80;3
14;124;4
14;125;4
14;126;4
14;127;4
14;128;3
14;129;3
14;131;4
14;133;3
14;134;3
14;140;4
14;144;3
14;146;4
14;168;4
14;169;3
14;174;4
14;175;4
14;176;3
14;178;4
14;5;4
14;11;4
14;79;3
14;132;4
14;41;4
14;130;4
14;147;4
14;148;3
14;149;4
14;161;4
14;183;3
14;185;4
14;150;4
14;159;3
14;160;3
14;173;4
14;180;4
14;64;4
14;65;4
14;67;4
14;68;4
14;70;4
14;71;3
14;2;3
15;1;4
15;18;3
15;21;4
15;49;4
15;50;4
15;51;4
15;52;4
15;53;4
15;54;4
15;55;4
15;56;4
15;57;4
15;58;4
15;59;4
15;60;4
15;61;4
15;62;4
15;63;4
15;69;3
15;73;4
15;74;4
15;75;4
15;76;2
15;77;3
15;80;3
15;123;4
15;124;4
15;125;4
15;126;4
15;127;4
15;128;3
15;129;3
15;131;4
15;133;3
15;134;3
15;140;4
15;144;3
15;146;4
15;168;4
15;174;4
15;175;4
15;176;4
15;178;4
15;5;3
15;26;2
15;27;2
15;39;4
15;79;3
15;132;4
15;41;4
15;130;4
15;147;4
15;148;4
15;149;4
15;161;4
15;183;3
15;185;4
15;35;3
15;37;2
15;150;4
15;159;4
15;160;3
15;173;4
15;180;4
15;90;4
15;91;4
15;172;4
15;2;4
16;1;4
16;10;4
16;18;3
16;21;4
16;49;4
16;50;4
16;51;4
16;52;4
16;53;4
16;54;4
16;55;4
16;56;4
16;57;4
16;58;4
16;59;4
16;60;4
16;61;4
16;62;4
16;63;4
16;66;2
16;69;3
16;72;3
16;73;4
16;74;4
16;75;3
16;76;3
16;77;3
16;80;3
16;101;4
16;106;4
16;120;4
16;123;2
16;124;4
16;125;4
16;126;4
16;127;4
16;128;3
16;129;3
16;131;4
16;133;3
16;134;3
16;140;4
16;144;3
16;146;4
16;168;4
16;174;4
16;175;4
16;176;3
16;178;4
16;186;2
16;5;4
16;6;4
16;11;4
16;17;3
16;25;2
16;26;3
16;27;2
16;39;4
16;40;4
16;43;3
16;44;2
16;45;2
16;46;3
16;79;3
16;92;2
16;93;2
16;94;2
16;95;2
16;96;2
16;97;2
16;98;2
16;102;2
16;104;2
16;105;2
16;107;2
16;108;2
16;109;2
16;110;3
16;111;2
16;112;2
16;117;2
16;118;2
16;119;4
16;132;4
16;143;2
16;23;2
16;30;2
16;31;2
16;34;3
16;41;2
16;42;2
16;130;4
16;147;4
16;148;3
16;149;4
16;161;4
16;181;4
16;182;3
16;183;3
16;185;4
16;24;2
16;28;2
16;29;2
16;33;2
16;37;2
16;114;2
16;116;2
16;150;4
16;151;2
16;152;2
16;159;3
16;160;3
16;173;4
16;180;4
16;184;3
16;145;2
16;166;2
16;2;3
16;122;2
16;136;2
16;137;2
16;139;2
16;141;2
16;8;4
16;9;4
16;12;4
16;13;4
17;1;4
17;10;4
17;18;3
17;21;4
17;49;4
17;50;4
17;51;4
17;52;4
17;53;4
17;54;4
17;55;4
17;56;4
17;57;4
17;58;4
17;59;4
17;60;4
17;61;4
17;62;4
17;63;4
17;69;3
17;73;4
17;74;4
17;75;3
17;76;3
17;77;3
17;80;3
17;101;4
17;106;4
17;124;4
17;125;4
17;126;4
17;127;4
17;128;3
17;129;3
17;131;4
17;133;3
17;134;3
17;140;4
17;142;3
17;144;3
17;146;4
17;168;4
17;174;4
17;175;4
17;176;3
17;178;4
17;5;4
17;6;4
17;11;4
17;26;3
17;39;4
17;40;1
17;43;3
17;44;2
17;45;2
17;46;3
17;79;3
17;92;2
17;93;2
17;94;2
17;95;2
17;96;2
17;97;2
17;99;2
17;100;2
17;102;2
17;107;4
17;108;4
17;109;4
17;110;4
17;111;4
17;117;4
17;118;2
17;119;4
17;132;4
17;143;4
17;30;2
17;31;2
17;41;4
17;130;4
17;147;4
17;148;3
17;149;4
17;161;4
17;182;3
17;183;3
17;185;4
17;24;2
17;114;3
17;116;3
17;150;4
17;151;2
17;159;3
17;160;3
17;173;4
17;180;4
17;145;2
17;48;1
17;113;2
17;2;3
17;8;4
17;9;4
17;12;4
17;7;3
18;1;4
18;18;3
18;21;4
18;49;4
18;50;4
18;51;4
18;52;4
18;53;4
18;54;4
18;55;4
18;56;4
18;57;4
18;58;4
18;59;4
18;60;4
18;61;4
18;62;4
18;63;4
18;73;4
18;74;4
18;75;4
18;76;3
18;77;3
18;80;3
18;101;4
18;106;4
18;120;4
18;124;4
18;125;4
18;126;4
18;127;4
18;128;3
18;129;4
18;131;4
18;133;4
18;134;3
18;140;4
18;142;3
18;144;4
18;146;4
18;168;4
18;174;4
18;175;4
18;176;3
18;178;4
18;186;3
18;5;4
18;11;4
18;25;4
18;26;4
18;27;3
18;39;4
18;40;1
18;43;3
18;44;2
18;45;2
18;46;3
18;79;4
18;92;2
18;93;2
18;94;2
18;95;2
18;96;2
18;97;4
18;98;4
18;99;4
18;100;4
18;102;4
18;103;4
18;104;4
18;105;4
18;107;4
18;108;4
18;109;4
18;110;4
18;111;4
18;112;4
18;117;4
18;118;4
18;119;4
18;132;4
18;135;3
18;143;3
18;22;2
18;23;4
18;30;4
18;31;4
18;34;4
18;36;2
18;38;2
18;41;4
18;42;4
18;130;4
18;147;4
18;148;3
18;149;4
18;161;4
18;182;3
18;183;3
18;185;4
18;24;4
18;28;4
18;29;4
18;32;3
18;33;3
18;37;3
18;114;3
18;115;4
18;116;3
18;150;4
18;151;2
18;159;3
18;160;3
18;173;4
18;180;3
18;145;4
18;113;4
18;2;3
18;121;2
19;1;4
19;18;3
19;21;4
19;49;4
19;50;4
19;51;4
19;52;4
19;53;4
19;54;4
19;55;4
19;56;4
19;57;4
19;58;4
19;59;4
19;60;4
19;61;4
19;62;4
19;63;4
19;69;3
19;73;4
19;74;4
19;75;3
19;76;3
19;77;3
19;80;3
19;101;4
19;106;4
19;120;4
19;124;4
19;125;4
19;126;4
19;127;4
19;128;3
19;129;3
19;131;4
19;133;3
19;134;3
19;140;4
19;142;3
19;144;3
19;146;4
19;168;4
19;174;4
19;175;4
19;176;3
19;178;4
19;186;3
19;5;4
19;11;4
19;25;4
19;26;4
19;27;3
19;39;4
19;40;1
19;43;3
19;44;2
19;45;4
19;46;3
19;79;3
19;92;4
19;93;4
19;94;4
19;95;4
19;96;4
19;97;4
19;98;2
19;107;2
19;111;4
19;117;4
19;119;4
19;132;4
19;135;4
19;143;3
19;22;4
19;23;4
19;30;2
19;31;4
19;34;4
19;36;3
19;38;2
19;41;4
19;42;4
19;130;4
19;147;4
19;148;3
19;149;4
19;161;3
19;179;3
19;181;3
19;182;3
19;183;3
19;185;4
19;24;3
19;28;4
19;29;4
19;33;3
19;37;4
19;47;2
19;114;3
19;115;4
19;116;3
19;150;4
19;151;2
19;159;3
19;160;3
19;173;4
19;180;4
19;184;3
19;145;4
19;48;3
19;2;3
19;121;2
20;1;4
20;18;4
20;21;4
20;49;4
20;50;4
20;51;4
20;52;4
20;53;4
20;54;4
20;55;4
20;56;4
20;57;4
20;58;4
20;59;4
20;60;4
20;61;4
20;62;4
20;63;4
20;69;4
20;72;2
20;73;4
20;74;4
20;75;3
20;76;3
20;77;3
20;80;3
20;101;3
20;106;3
20;120;3
20;123;3
20;124;4
20;125;4
20;126;4
20;127;4
20;128;3
20;129;3
20;131;4
20;133;3
20;134;3
20;140;3
20;144;3
20;146;4
20;168;3
20;174;4
20;175;4
20;176;4
20;178;4
20;186;3
20;5;4
20;11;4
20;17;3
20;26;3
20;27;3
20;39;3
20;79;3
20;92;3
20;93;3
20;94;3
20;95;3
20;96;3
20;97;3
20;98;3
20;99;1
20;100;1
20;102;3
20;103;2
20;104;2
20;105;3
20;107;3
20;108;3
20;109;3
20;110;3
20;111;3
20;112;3
20;117;3
20;118;3
20;119;3
20;132;4
20;143;2
20;30;3
20;31;3
20;41;3
20;130;4
20;147;2
20;148;3
20;149;4
20;161;3
20;183;2
20;185;4
20;24;3
20;28;3
20;29;3
20;33;3
20;35;2
20;37;3
20;150;3
20;151;4
20;152;4
20;159;3
20;160;3
20;173;4
20;180;2
20;64;4
20;65;4
20;70;3
20;71;2
20;172;2
20;2;4
20;20;2
20;153;2
20;154;2
20;157;2
20;158;2
21;1;4
21;18;4
21;21;4
21;49;4
21;50;4
21;51;4
21;52;4
21;53;4
21;54;4
21;55;4
21;56;4
21;57;4
21;58;4
21;59;4
21;60;4
21;61;4
21;62;4
21;63;4
21;69;3
21;72;4
21;73;4
21;74;4
21;75;4
21;76;3
21;77;4
21;80;3
21;101;4
21;106;3
21;120;3
21;124;4
21;125;4
21;126;4
21;127;4
21;128;3
21;129;3
21;131;4
21;133;3
21;134;3
21;140;4
21;142;3
21;144;4
21;146;4
21;174;4
21;175;4
21;176;3
21;178;4
21;186;3
21;5;4
21;11;4
21;17;3
21;25;3
21;26;3
21;27;4
21;39;4
21;79;3
21;92;3
21;93;3
21;94;3
21;95;3
21;96;3
21;97;3
21;98;3
21;99;3
21;100;3
21;102;3
21;103;3
21;104;3
21;105;3
21;107;3
21;108;3
21;109;3
21;110;3
21;111;3
21;112;3
21;117;4
21;118;4
21;119;4
21;132;4
21;143;2
21;23;2
21;30;2
21;31;2
21;34;3
21;38;3
21;130;4
21;147;4
21;148;3
21;149;4
21;161;2
21;183;3
21;185;4
21;24;2
21;28;4
21;29;4
21;32;2
21;33;4
21;35;4
21;37;3
21;114;4
21;115;4
21;116;4
21;150;4
21;151;4
21;152;4
21;159;3
21;160;3
21;173;3
21;180;4
21;184;3
21;2;3
22;1;3
22;18;3
22;21;3
22;49;4
22;50;4
22;51;4
22;52;4
22;53;4
22;54;4
22;55;4
22;56;4
22;57;4
22;58;4
22;59;4
22;60;4
22;61;4
22;62;4
22;63;4
22;69;3
22;73;3
22;74;4
22;75;3
22;76;3
22;77;4
22;80;3
22;123;4
22;124;4
22;125;4
22;126;4
22;127;4
22;128;4
22;129;4
22;131;4
22;133;4
22;134;4
22;142;3
22;144;4
22;146;4
22;168;4
22;169;4
22;174;4
22;175;4
22;176;3
22;178;4
22;5;4
22;11;3
22;17;2
22;39;3
22;79;3
22;132;4
22;143;2
22;41;4
22;130;4
22;147;4
22;148;4
22;149;4
22;161;3
22;183;3
22;185;4
22;150;2
22;151;3
22;159;3
22;160;3
22;173;4
22;180;3
22;145;4
22;141;3
22;153;3
22;154;3
22;157;3
22;158;3
22;81;3
22;82;3
22;83;4
22;84;3
22;85;3
22;86;3
22;87;3
22;88;3
23;1;4
23;10;2
23;18;3
23;21;3
23;49;4
23;50;4
23;51;4
23;52;4
23;53;4
23;54;4
23;55;4
23;56;4
23;57;4
23;58;4
23;59;4
23;60;4
23;61;4
23;62;4
23;63;4
23;66;3
23;72;3
23;73;4
23;74;4
23;75;3
23;76;4
23;77;3
23;80;3
23;101;3
23;106;3
23;120;3
23;123;3
23;124;3
23;125;3
23;126;3
23;127;3
23;128;3
23;129;3
23;131;3
23;134;3
23;140;3
23;142;3
23;144;3
23;146;3
23;168;3
23;169;3
23;174;3
23;175;3
23;176;3
23;178;3
23;186;3
23;5;4
23;6;2
23;11;4
23;17;3
23;25;4
23;26;4
23;27;3
23;39;4
23;40;4
23;43;2
23;44;3
23;45;3
23;46;2
23;79;3
23;92;3
23;93;3
23;94;3
23;95;3
23;96;3
23;97;3
23;98;2
23;99;3
23;100;3
23;102;3
23;104;3
23;107;3
23;108;3
23;109;3
23;110;4
23;111;3
23;112;3
23;117;3
23;119;3
23;132;3
23;135;3
23;143;3
23;22;4
23;23;3
23;30;4
23;31;4
23;34;4
23;36;4
23;38;4
23;41;4
23;42;3
23;130;4
23;147;3
23;148;3
23;149;3
23;161;3
23;182;3
23;183;3
23;185;3
23;35;3
23;37;3
23;114;3
23;115;3
23;116;3
23;150;3
23;151;3
23;152;4
23;159;3
23;160;4
23;173;4
23;162;3
23;165;3
23;166;3
23;113;3
23;2;3
23;154;3
23;8;3
23;9;3
23;12;3
23;13;3
23;171;3
24;1;4
24;18;4
24;21;4
24;49;4
24;50;4
24;51;4
24;52;4
24;53;4
24;54;4
24;55;4
24;56;4
24;57;4
24;58;4
24;59;4
24;60;4
24;61;4
24;62;4
24;63;4
24;69;3
24;73;3
24;74;4
24;75;3
24;76;4
24;77;3
24;80;3
24;106;4
24;124;4
24;125;4
24;126;4
24;127;4
24;128;3
24;129;4
24;131;4
24;134;3
24;142;3
24;144;3
24;146;3
24;168;3
24;174;4
24;175;4
24;176;3
24;178;4
24;186;4
24;5;4
24;6;3
24;11;3
24;17;3
24;25;3
24;26;3
24;39;3
24;43;4
24;44;4
24;45;4
24;46;4
24;79;3
24;92;4
24;97;3
24;107;3
24;111;3
24;132;4
24;143;2
24;41;4
24;78;4
24;130;4
24;147;4
24;148;3
24;149;4
24;161;4
24;181;4
24;182;3
24;183;3
24;185;4
24;24;3
24;47;3
24;150;4
24;151;2
24;159;3
24;160;3
24;173;4
24;180;4
24;184;4
24;145;3
24;48;3
24;177;4
24;2;3
24;13;2
25;1;4
25;18;4
25;21;4
25;49;4
25;50;4
25;51;4
25;52;4
25;53;4
25;54;4
25;55;4
25;56;4
25;57;4
25;58;4
25;59;4
25;60;4
25;61;4
25;62;4
25;63;4
25;69;3
25;73;3
25;74;4
25;75;3
25;76;4
25;77;3
25;80;3
25;101;3
25;106;3
25;120;3
25;124;4
25;125;4
25;126;4
25;127;4
25;128;3
25;129;4
25;131;4
25;134;3
25;142;3
25;144;3
25;146;3
25;168;3
25;174;4
25;175;4
25;176;3
25;178;4
25;186;4
25;5;4
25;6;3
25;11;3
25;17;3
25;25;3
25;26;3
25;27;3
25;39;3
25;43;3
25;44;3
25;45;3
25;46;3
25;79;3
25;92;3
25;93;3
25;94;3
25;95;3
25;96;3
25;97;3
25;98;3
25;99;3
25;100;3
25;102;3
25;103;3
25;104;3
25;105;3
25;107;3
25;108;3
25;109;3
25;110;3
25;111;3
25;112;3
25;132;4
25;135;3
25;143;2
25;22;3
25;23;3
25;30;3
25;31;3
25;34;3
25;36;3
25;38;3
25;41;4
25;78;4
25;130;4
25;147;4
25;148;3
25;149;4
25;161;4
25;179;4
25;181;4
25;182;4
25;183;3
25;185;4
25;24;3
25;28;3
25;29;3
25;32;3
25;33;3
25;35;2
25;37;2
25;115;4
25;150;4
25;151;2
25;159;3
25;160;3
25;173;4
25;180;4
25;184;4
25;145;3
25;113;3
25;177;4
25;2;3
25;167;3
26;1;4
26;18;3
26;21;4
26;49;4
26;50;4
26;51;4
26;52;4
26;53;4
26;54;4
26;55;4
26;56;4
26;57;4
26;58;4
26;59;4
26;60;4
26;61;4
26;62;4
26;63;4
26;69;3
26;72;4
26;73;3
26;74;4
26;75;3
26;76;4
26;77;3
26;80;3
26;101;4
26;106;4
26;120;3
26;124;4
26;125;4
26;126;4
26;127;4
26;128;3
26;129;3
26;131;4
26;133;3
26;134;3
26;140;4
26;142;3
26;144;3
26;146;4
26;168;4
26;174;4
26;175;4
26;176;3
26;178;4
26;186;3
26;5;4
26;11;4
26;17;3
26;25;4
26;26;4
26;27;4
26;39;4
26;40;4
26;43;3
26;44;2
26;45;2
26;46;3
26;79;3
26;92;3
26;93;3
26;94;3
26;95;3
26;96;3
26;97;3
26;98;3
26;99;3
26;100;3
26;102;4
26;103;2
26;105;4
26;107;3
26;108;3
26;109;3
26;110;3
26;111;4
26;112;4
26;117;3
26;118;4
26;119;4
26;132;4
26;143;3
26;22;3
26;23;4
26;30;4
26;31;4
26;34;4
26;36;4
26;38;3
26;41;4
26;130;4
26;147;4
26;148;3
26;149;4
26;161;3
26;183;3
26;185;4
26;24;4
26;28;4
26;29;4
26;32;4
26;33;4
26;35;4
26;37;4
26;114;3
26;115;3
26;116;4
26;150;4
26;151;4
26;152;4
26;159;3
26;160;3
26;173;4
26;180;4
26;2;3
27;1;4
27;18;3
27;21;4
27;49;4
27;50;4
27;51;4
27;52;4
27;53;4
27;54;4
27;55;4
27;56;4
27;57;4
27;58;4
27;59;4
27;60;4
27;61;4
27;62;4
27;63;4
27;72;4
27;73;4
27;74;4
27;75;4
27;76;3
27;77;4
27;80;4
27;101;4
27;106;4
27;120;3
27;124;4
27;125;4
27;126;4
27;127;4
27;128;3
27;129;3
27;131;4
27;133;4
27;134;3
27;140;4
27;142;3
27;144;4
27;146;4
27;168;3
27;174;4
27;175;4
27;176;3
27;178;4
27;186;3
27;5;4
27;11;4
27;17;3
27;25;4
27;26;4
27;27;4
27;39;4
27;40;3
27;43;3
27;44;3
27;45;2
27;46;3
27;79;4
27;92;2
27;93;2
27;94;2
27;95;2
27;96;2
27;97;4
27;98;4
27;99;3
27;100;3
27;102;4
27;103;3
27;104;4
27;105;4
27;107;3
27;108;3
27;109;3
27;110;3
27;111;4
27;112;4
27;117;4
27;118;4
27;119;4
27;132;4
27;143;3
27;22;3
27;23;4
27;30;4
27;34;4
27;36;3
27;38;1
27;42;3
27;130;4
27;147;4
27;148;4
27;149;4
27;161;3
27;185;3
27;24;4
27;28;4
27;29;4
27;32;4
27;33;4
27;35;4
27;37;4
27;114;3
27;115;4
27;116;4
27;150;4
27;151;4
27;152;4
27;159;3
27;160;3
27;173;4
27;180;3
27;145;4
27;70;3
27;113;3
27;2;4
27;121;4
28;1;4
28;18;3
28;21;4
28;49;4
28;50;4
28;51;4
28;52;4
28;53;4
28;54;4
28;55;4
28;56;4
28;57;4
28;58;4
28;59;4
28;60;4
28;61;4
28;62;4
28;63;4
28;72;4
28;73;4
28;74;4
28;75;4
28;76;3
28;77;4
28;80;4
28;101;4
28;106;2
28;120;4
28;124;4
28;125;4
28;126;4
28;127;4
28;128;3
28;129;3
28;131;4
28;133;4
28;134;3
28;140;4
28;142;3
28;144;4
28;146;4
28;168;3
28;174;4
28;175;4
28;176;3
28;178;4
28;186;2
28;5;4
28;11;4
28;17;3
28;25;2
28;26;2
28;27;4
28;39;4
28;40;3
28;43;3
28;44;4
28;45;4
28;46;4
28;79;4
28;92;4
28;93;4
28;94;4
28;95;4
28;96;4
28;97;4
28;98;4
28;99;2
28;100;2
28;103;2
28;105;2
28;111;1
28;112;3
28;117;4
28;119;4
28;132;4
28;135;4
28;143;3
28;22;3
28;23;4
28;30;2
28;34;2
28;36;4
28;38;4
28;42;3
28;130;4
28;147;4
28;148;4
28;149;4
28;161;3
28;185;3
28;24;4
28;28;4
28;29;4
28;32;2
28;33;4
28;35;4
28;37;4
28;47;3
28;114;4
28;115;4
28;116;3
28;150;4
28;151;4
28;152;4
28;159;3
28;160;3
28;173;4
28;180;3
28;184;4
28;145;4
28;70;3
28;48;2
28;113;3
28;2;4
28;121;4
28;84;2
28;85;2
29;1;4
29;18;3
29;21;4
29;49;4
29;50;4
29;51;4
29;52;4
29;53;4
29;54;4
29;55;4
29;56;4
29;57;4
29;58;4
29;59;4
29;60;4
29;61;4
29;62;4
29;63;4
29;66;4
29;72;4
29;73;4
29;74;4
29;75;4
29;76;3
29;77;4
29;80;4
29;101;4
29;106;4
29;120;4
29;124;4
29;125;4
29;126;4
29;127;4
29;128;3
29;129;3
29;131;4
29;133;4
29;134;4
29;140;4
29;142;3
29;144;4
29;146;4
29;168;3
29;174;4
29;175;4
29;176;4
29;178;4
29;186;3
29;5;4
29;11;4
29;17;3
29;25;4
29;26;4
29;27;4
29;39;4
29;40;3
29;43;3
29;44;4
29;45;4
29;46;4
29;79;4
29;92;2
29;97;4
29;98;4
29;100;4
29;102;4
29;103;3
29;104;3
29;107;4
29;108;4
29;109;4
29;110;4
29;111;4
29;117;4
29;119;4
29;132;4
29;135;4
29;143;4
29;22;3
29;23;4
29;30;4
29;34;4
29;36;4
29;38;3
29;42;3
29;130;4
29;147;4
29;148;4
29;149;4
29;161;3
29;185;3
29;24;4
29;28;4
29;29;4
29;33;4
29;35;4
29;37;4
29;114;4
29;115;4
29;116;4
29;150;4
29;151;4
29;152;4
29;159;3
29;160;3
29;173;4
29;180;3
29;184;4
29;145;4
29;64;4
29;70;3
29;48;3
29;113;3
29;2;4
29;7;4
29;121;4
30;1;4
30;18;3
30;21;4
30;49;4
30;50;4
30;51;4
30;52;4
30;53;4
30;54;4
30;55;4
30;56;4
30;57;4
30;58;4
30;59;4
30;60;4
30;61;4
30;62;4
30;63;4
30;69;3
30;72;4
30;73;2
30;74;4
30;75;4
30;76;4
30;77;3
30;80;3
30;101;3
30;124;4
30;125;4
30;126;4
30;127;4
30;128;3
30;129;3
30;131;4
30;133;3
30;134;3
30;140;4
30;144;3
30;146;4
30;168;4
30;169;3
30;174;4
30;175;4
30;176;3
30;178;4
30;5;4
30;11;4
30;25;2
30;39;4
30;43;2
30;79;3
30;132;4
30;41;4
30;130;4
30;147;4
30;148;3
30;149;4
30;161;3
30;183;3
30;185;4
30;150;4
30;159;3
30;160;3
30;173;4
30;180;4
30;70;4
30;2;3
30;170;4
31;1;4
31;10;4
31;18;3
31;19;3
31;21;4
31;49;4
31;50;3
31;51;4
31;52;4
31;53;4
31;54;4
31;55;4
31;56;3
31;57;4
31;59;4
31;60;3
31;61;4
31;62;4
31;63;4
31;66;2
31;73;4
31;74;4
31;75;2
31;106;2
31;120;4
31;123;3
31;124;4
31;125;4
31;126;4
31;127;2
31;128;4
31;131;3
31;133;4
31;134;4
31;138;2
31;140;3
31;144;4
31;146;3
31;168;3
31;169;3
31;175;3
31;178;4
31;186;4
31;5;4
31;6;4
31;11;4
31;17;3
31;25;4
31;26;3
31;27;3
31;39;4
31;40;4
31;43;4
31;79;4
31;92;2
31;93;2
31;94;2
31;95;2
31;96;2
31;97;2
31;98;2
31;99;2
31;100;2
31;102;2
31;103;2
31;104;2
31;105;2
31;107;2
31;108;2
31;109;2
31;110;2
31;111;2
31;112;2
31;117;2
31;118;2
31;132;3
31;135;4
31;143;2
31;22;4
31;23;4
31;31;4
31;34;2
31;41;4
31;78;4
31;130;4
31;185;3
31;24;3
31;29;3
31;114;2
31;150;3
31;160;3
31;145;3
31;89;2
31;113;2
31;177;3
31;20;3
31;122;2
31;136;4
31;137;2
31;158;3
31;8;4
31;9;4
31;13;4
32;1;4
32;18;3
32;21;3
32;49;3
32;50;3
32;51;3
32;52;3
32;53;3
32;54;4
32;55;3
32;56;3
32;57;3
32;59;3
32;60;3
32;61;3
32;62;3
32;63;3
32;66;3
32;69;4
32;73;3
32;74;4
32;75;4
32;76;2
32;77;2
32;124;3
32;125;3
32;127;3
32;131;3
32;144;3
32;146;4
32;174;3
32;175;3
32;176;3
32;178;4
32;5;4
32;26;2
32;27;2
32;39;4
32;132;3
32;41;3
32;130;3
32;147;3
32;148;3
32;149;4
32;161;2
32;150;3
32;159;4
32;173;4
32;64;3
32;65;3
32;70;3
32;172;4
32;2;4
33;1;4
33;18;4
33;21;4
33;49;4
33;50;4
33;51;4
33;52;4
33;53;4
33;54;4
33;55;4
33;56;4
33;57;4
33;59;4
33;60;4
33;61;4
33;62;4
33;63;4
33;73;4
33;74;4
33;75;2
33;76;3
33;77;3
33;124;3
33;125;3
33;127;3
33;131;3
33;144;3
33;174;3
33;175;3
33;176;4
33;178;4
33;5;4
33;11;3
33;17;3
33;39;3
33;132;3
33;41;3
33;130;3
33;147;3
33;148;4
33;149;3
33;161;3
33;150;3
33;177;3
33;2;3
33;20;3
34;1;4
34;18;3
34;21;4
34;49;4
34;50;4
34;51;4
34;52;4
34;53;3
34;54;4
34;55;3
34;56;3
34;57;3
34;58;3
34;59;3
34;60;3
34;61;3
34;62;3
34;63;3
34;69;3
34;73;4
34;74;4
34;75;3
34;76;3
34;77;3
34;80;3
34;123;3
34;124;3
34;125;3
34;126;3
34;127;3
34;128;4
34;131;4
34;133;2
34;134;3
34;144;3
34;146;4
34;174;3
34;175;4
34;176;3
34;178;4
34;5;4
34;11;3
34;17;3
34;39;4
34;43;3
34;79;3
34;132;3
34;23;3
34;41;4
34;130;3
34;147;3
34;148;3
34;149;3
34;161;4
34;185;3
34;150;3
34;159;3
34;160;4
34;173;3
34;180;3
34;177;2
34;2;3
34;137;4
34;139;3
34;141;3
34;153;4
34;154;4
34;155;4
34;156;4
34;157;4
34;158;3
35;1;3
35;18;3
35;21;3
35;49;3
35;50;3
35;51;4
35;52;4
35;53;3
35;54;4
35;55;3
35;56;3
35;57;3
35;58;3
35;59;2
35;60;2
35;61;3
35;62;3
35;63;3
35;73;4
35;74;4
35;75;3
35;76;3
35;77;3
35;80;3
35;123;2
35;124;3
35;125;3
35;126;3
35;127;3
35;128;4
35;131;3
35;134;3
35;144;3
35;146;4
35;174;3
35;175;4
35;176;3
35;178;4
35;5;4
35;11;3
35;17;3
35;39;4
35;43;3
35;79;3
35;132;3
35;41;3
35;130;3
35;147;3
35;148;3
35;149;3
35;161;4
35;185;3
35;150;3
35;173;3
35;177;2
35;2;3
35;153;3
35;154;3
35;155;3
35;156;3
35;157;4
36;1;3
36;18;3
36;21;3
36;49;4
36;50;4
36;51;4
36;52;4
36;53;4
36;54;4
36;55;3
36;56;4
36;57;4
36;58;3
36;59;2
36;60;4
36;61;3
36;62;4
36;63;4
36;69;3
36;73;2
36;74;4
36;75;3
36;76;4
36;77;3
36;80;3
36;123;3
36;124;4
36;125;3
36;126;4
36;127;3
36;128;4
36;129;3
36;131;3
36;133;3
36;134;3
36;142;3
36;144;3
36;146;3
36;168;3
36;169;3
36;174;4
36;175;4
36;176;3
36;178;4
36;5;4
36;11;3
36;17;2
36;39;3
36;79;3
36;132;3
36;143;2
36;41;3
36;130;3
36;147;3
36;148;3
36;149;3
36;161;3
36;183;4
36;185;4
36;150;2
36;151;3
36;159;2
36;160;4
36;173;4
36;180;3
36;145;3
36;141;2
36;153;2
36;154;2
36;157;2
36;158;4
36;81;4
36;82;4
36;85;4
36;86;2
36;87;3
36;88;2
36;171;4
37;1;3
37;18;3
37;21;2
37;49;4
37;50;3
37;51;4
37;52;4
37;53;3
37;54;4
37;55;3
37;56;3
37;57;3
37;58;3
37;59;2
37;60;2
37;61;3
37;62;3
37;63;3
37;73;4
37;74;4
37;75;3
37;76;3
37;77;3
37;80;3
37;123;3
37;124;3
37;125;3
37;126;3
37;127;3
37;128;4
37;131;3
37;134;3
37;144;3
37;146;4
37;174;3
37;175;3
37;176;3
37;178;4
37;5;4
37;11;3
37;17;3
37;27;2
37;39;4
37;43;3
37;79;3
37;132;3
37;23;4
37;41;3
37;130;3
37;147;3
37;148;3
37;149;3
37;161;4
37;185;3
37;29;2
37;150;3
37;159;4
37;173;3
37;177;2
37;2;3
37;153;3
37;154;3
37;155;3
37;156;3
37;157;3
37;158;4
38;1;3
38;18;3
38;21;2
38;49;4
38;50;3
38;51;3
38;52;4
38;53;3
38;54;4
38;55;3
38;56;3
38;57;3
38;59;3
38;60;2
38;61;3
38;62;3
38;63;3
38;73;4
38;74;4
38;75;3
38;76;3
38;77;3
38;80;3
38;124;3
38;125;3
38;127;3
38;128;4
38;131;3
38;144;3
38;146;3
38;174;3
38;175;4
38;176;3
38;178;4
38;5;4
38;11;3
38;17;3
38;25;2
38;26;2
38;27;3
38;39;4
38;43;3
38;96;3
38;117;2
38;132;3
38;22;1
38;23;4
38;41;3
38;42;3
38;130;3
38;147;3
38;148;3
38;149;3
38;161;4
38;185;3
38;24;3
38;28;3
38;29;3
38;33;3
38;152;3
38;159;4
38;67;3
38;2;3
38;153;3
38;154;3
38;155;3
38;156;3
38;157;3
38;158;4
41;1;3
41;18;3
41;21;3
41;49;4
41;50;3
41;51;4
41;52;4
41;53;3
41;54;4
41;55;3
41;56;3
41;57;4
41;58;2
41;59;3
41;60;3
41;61;3
41;62;3
41;63;3
41;69;2
41;72;4
41;73;4
41;74;3
41;75;4
41;76;2
41;77;3
41;101;4
41;106;3
41;120;3
41;124;3
41;125;3
41;127;3
41;131;3
41;133;3
41;140;4
41;142;3
41;144;4
41;146;3
41;174;3
41;175;3
41;176;3
41;178;3
41;186;3
41;5;4
41;11;3
41;17;3
41;25;3
41;26;3
41;27;4
41;39;4
41;79;3
41;92;3
41;93;3
41;94;3
41;95;3
41;96;3
41;97;3
41;98;3
41;99;3
41;100;3
41;102;3
41;103;3
41;104;3
41;105;3
41;107;3
41;108;3
41;109;3
41;110;3
41;111;3
41;112;3
41;117;3
41;118;4
41;119;4
41;132;3
41;143;2
41;23;2
41;30;3
41;31;3
41;34;3
41;38;3
41;130;3
41;147;3
41;148;3
41;149;4
41;161;2
41;183;3
41;185;3
41;24;2
41;28;4
41;29;4
41;32;2
41;33;4
41;35;4
41;37;3
41;114;4
41;115;4
41;116;4
41;150;3
41;151;4
41;152;4
41;159;3
41;160;2
41;173;3
41;180;3
41;184;3
41;2;3
42;1;4
42;18;3
42;21;3
42;49;3
42;50;3
42;51;3
42;52;3
42;53;3
42;54;4
42;55;3
42;56;3
42;57;3
42;58;2
42;59;2
42;60;2
42;61;3
42;62;3
42;63;3
42;69;3
42;73;3
42;74;3
42;75;2
42;76;2
42;77;2
42;101;3
42;106;3
42;120;3
42;124;3
42;125;3
42;127;3
42;131;2
42;140;2
42;144;3
42;146;3
42;174;3
42;175;3
42;178;3
42;5;4
42;11;3
42;17;3
42;26;3
42;27;3
42;39;3
42;92;3
42;93;3
42;94;3
42;95;3
42;96;3
42;97;3
42;98;3
42;99;3
42;100;3
42;102;3
42;103;2
42;104;2
42;105;3
42;107;3
42;108;3
42;109;3
42;110;3
42;111;3
42;112;3
42;117;3
42;118;3
42;119;3
42;132;3
42;30;3
42;31;3
42;41;3
42;130;2
42;148;3
42;149;3
42;24;3
42;28;3
42;29;3
42;33;3
42;37;3
42;150;2
42;152;3
42;173;4
42;70;3
42;2;4
42;20;3
43;1;4
43;10;4
43;18;4
43;21;2
43;49;4
43;50;3
43;51;3
43;52;3
43;53;3
43;54;4
43;55;3
43;56;3
43;57;3
43;58;2
43;59;2
43;60;3
43;61;3
43;62;3
43;63;3
43;66;2
43;69;2
43;72;2
43;73;3
43;74;3
43;75;3
43;76;3
43;77;2
43;80;2
43;101;2
43;106;4
43;120;4
43;123;2
43;124;3
43;125;3
43;127;3
43;131;2
43;133;4
43;140;4
43;144;4
43;146;2
43;168;2
43;174;2
43;175;2
43;176;2
43;178;2
43;186;2
43;5;4
43;6;4
43;11;4
43;17;4
43;26;3
43;27;2
43;39;3
43;40;2
43;43;3
43;44;2
43;45;2
43;46;3
43;92;2
43;93;2
43;94;2
43;95;2
43;96;2
43;97;2
43;98;2
43;102;2
43;104;2
43;105;2
43;107;2
43;108;2
43;109;2
43;110;3
43;111;2
43;112;2
43;117;2
43;118;2
43;119;4
43;132;3
43;143;2
43;23;2
43;30;2
43;31;2
43;34;3
43;41;2
43;42;2
43;130;3
43;147;3
43;148;3
43;149;3
43;161;2
43;181;2
43;182;2
43;183;4
43;185;2
43;24;2
43;28;2
43;29;2
43;33;2
43;37;2
43;114;2
43;116;2
43;150;3
43;151;2
43;152;2
43;159;2
43;160;2
43;173;2
43;184;2
43;145;2
43;166;2
43;2;3
43;122;2
43;136;2
43;137;2
43;139;2
43;141;2
43;8;4
43;9;4
43;12;4
43;13;4
43;7;3
44;1;4
44;10;4
44;18;3
44;21;2
44;49;3
44;50;3
44;51;3
44;52;3
44;53;3
44;54;4
44;55;3
44;56;3
44;57;3
44;58;2
44;59;3
44;60;3
44;61;3
44;62;3
44;63;3
44;73;3
44;74;3
44;75;3
44;76;3
44;77;2
44;101;4
44;106;4
44;124;3
44;125;3
44;127;3
44;131;3
44;133;4
44;140;3
44;144;4
44;5;4
44;6;4
44;11;4
44;26;3
44;39;3
44;40;3
44;43;3
44;44;2
44;45;2
44;46;3
44;92;2
44;93;2
44;94;2
44;95;2
44;96;2
44;97;2
44;99;2
44;100;2
44;102;2
44;107;4
44;108;4
44;109;4
44;110;4
44;111;4
44;117;4
44;118;2
44;119;4
44;132;3
44;143;4
44;30;2
44;31;2
44;41;1
44;42;3
44;130;3
44;147;3
44;148;3
44;149;3
44;161;2
44;114;3
44;116;3
44;150;3
44;151;2
44;160;2
44;145;2
44;48;1
44;113;2
44;2;3
44;8;4
44;9;4
44;12;4
44;7;3
45;1;3
45;18;3
45;21;3
45;49;3
45;50;3
45;51;3
45;52;3
45;53;3
45;54;4
45;55;3
45;56;3
45;57;3
45;58;2
45;59;3
45;60;3
45;61;3
45;62;3
45;63;3
45;73;4
45;74;3
45;75;4
45;77;2
45;101;4
45;106;4
45;120;4
45;124;3
45;125;3
45;127;3
45;131;4
45;133;4
45;140;3
45;144;4
45;146;2
45;5;4
45;11;3
45;17;3
45;25;3
45;26;4
45;27;3
45;39;3
45;40;3
45;43;3
45;44;2
45;45;2
45;46;4
45;79;3
45;92;2
45;93;2
45;94;2
45;95;2
45;96;2
45;97;2
45;98;3
45;99;4
45;100;4
45;102;4
45;103;4
45;104;4
45;105;4
45;107;4
45;108;4
45;109;4
45;110;3
45;111;4
45;112;4
45;117;4
45;118;4
45;119;4
45;132;3
45;135;3
45;143;3
45;22;2
45;23;3
45;30;3
45;31;3
45;34;2
45;36;1
45;38;2
45;41;4
45;42;4
45;130;3
45;147;3
45;148;3
45;149;3
45;161;2
45;185;4
45;24;3
45;28;3
45;29;3
45;32;3
45;33;3
45;37;3
45;114;3
45;115;4
45;116;3
45;150;3
45;151;2
45;160;1
45;145;4
45;113;4
45;2;3
45;121;2
46;1;3
46;18;3
46;21;3
46;49;3
46;50;3
46;51;3
46;52;3
46;53;3
46;54;4
46;55;3
46;56;3
46;57;3
46;58;3
46;59;3
46;60;3
46;61;3
46;62;3
46;63;3
46;73;3
46;74;3
46;75;3
46;76;3
46;77;2
46;101;4
46;106;4
46;120;4
46;124;3
46;125;3
46;127;3
46;131;3
46;133;4
46;140;3
46;142;3
46;144;4
46;146;3
46;174;2
46;175;2
46;176;2
46;178;2
46;186;3
46;5;4
46;11;3
46;17;3
46;25;4
46;26;4
46;27;3
46;39;3
46;40;3
46;43;3
46;44;2
46;45;4
46;46;3
46;92;4
46;93;4
46;94;4
46;95;4
46;96;4
46;97;4
46;98;2
46;107;2
46;111;4
46;117;4
46;119;4
46;132;3
46;135;3
46;143;3
46;22;4
46;23;4
46;30;2
46;31;4
46;34;4
46;36;3
46;38;2
46;41;4
46;42;4
46;130;3
46;147;3
46;148;3
46;149;3
46;161;2
46;179;2
46;181;2
46;182;3
46;183;3
46;185;3
46;24;3
46;28;4
46;29;4
46;33;3
46;37;4
46;114;3
46;115;4
46;116;3
46;150;3
46;151;2
46;160;2
46;173;2
46;180;3
46;184;3
46;145;4
46;172;3
46;48;3
46;2;3
46;153;4
46;154;4
46;155;2
46;156;3
46;157;2
46;170;4
46;121;2
46;171;4
47;1;3
47;18;3
47;21;3
47;49;3
47;50;3
47;51;3
47;52;3
47;53;3
47;54;4
47;55;3
47;56;3
47;57;3
47;58;3
47;59;3
47;60;3
47;61;3
47;62;3
47;63;3
47;73;4
47;74;4
47;75;3
47;76;3
47;77;2
47;101;4
47;106;4
47;120;4
47;124;3
47;125;3
47;127;3
47;131;3
47;133;4
47;140;3
47;142;3
47;144;4
47;146;3
47;174;2
47;175;2
47;176;2
47;178;2
47;186;3
47;5;4
47;11;3
47;17;3
47;25;4
47;26;4
47;27;3
47;39;3
47;40;4
47;43;3
47;44;2
47;45;4
47;46;3
47;92;3
47;93;3
47;94;3
47;95;3
47;96;3
47;97;3
47;98;2
47;107;2
47;111;4
47;117;4
47;119;4
47;132;3
47;135;3
47;143;4
47;22;4
47;23;4
47;30;2
47;31;4
47;34;4
47;36;3
47;38;2
47;41;4
47;42;4
47;130;3
47;147;3
47;148;3
47;149;3
47;161;2
47;179;2
47;181;2
47;182;3
47;183;3
47;185;3
47;24;3
47;28;4
47;29;4
47;33;3
47;37;4
47;114;4
47;115;4
47;116;3
47;150;3
47;151;2
47;160;2
47;173;2
47;180;3
47;184;3
47;145;4
47;172;3
47;48;3
47;2;3
47;153;4
47;154;4
47;155;2
47;156;3
47;157;2
47;170;4
47;121;2
47;171;4
51;1;3
51;18;2
51;21;2
51;49;3
51;50;3
51;51;3
51;52;2
51;53;2
51;54;4
51;55;2
51;56;3
51;57;2
51;58;2
51;59;2
51;60;2
51;61;3
51;62;3
51;63;3
51;75;4
51;77;2
51;124;3
51;125;3
51;127;3
51;131;2
51;144;3
51;5;3
51;26;2
51;39;4
51;132;3
51;135;2
51;130;2
51;147;3
51;148;3
51;149;3
51;161;2
51;35;4
51;150;3
51;2;3
52;1;3
52;18;2
52;21;2
52;49;3
52;50;3
52;51;3
52;52;3
52;53;2
52;54;3
52;55;3
52;56;3
52;57;3
52;58;2
52;59;3
52;60;2
52;61;3
52;62;3
52;63;3
52;75;4
52;77;2
52;124;3
52;125;3
52;127;3
52;131;3
52;144;3
52;5;4
52;26;2
52;39;4
52;132;3
52;135;2
52;41;3
52;130;3
52;147;3
52;148;3
52;149;3
52;161;2
52;35;4
52;150;3
52;2;3
53;1;3
53;10;2
53;18;3
53;21;3
53;49;3
53;50;3
53;51;3
53;52;3
53;53;3
53;54;3
53;55;3
53;56;3
53;57;3
53;58;3
53;59;3
53;60;3
53;61;3
53;62;3
53;63;3
53;69;3
53;72;4
53;73;3
53;74;3
53;75;3
53;76;4
53;77;2
53;101;4
53;106;4
53;120;3
53;124;3
53;125;3
53;127;3
53;131;3
53;140;3
53;144;4
53;5;4
53;11;3
53;17;3
53;25;4
53;26;4
53;27;3
53;39;3
53;43;2
53;44;2
53;45;2
53;46;2
53;92;3
53;93;3
53;94;3
53;95;3
53;96;3
53;97;3
53;98;3
53;99;3
53;100;3
53;102;4
53;103;2
53;105;4
53;107;3
53;108;3
53;109;3
53;110;3
53;111;4
53;112;4
53;117;3
53;118;4
53;119;4
53;132;3
53;143;3
53;22;3
53;23;4
53;30;4
53;31;4
53;34;3
53;38;3
53;130;3
53;147;3
53;148;3
53;149;3
53;161;2
53;24;4
53;28;3
53;29;3
53;32;4
53;33;4
53;35;4
53;37;4
53;114;3
53;115;3
53;116;4
53;150;3
53;70;3
53;2;3
53;13;3
53;121;2
54;1;4
54;18;3
54;21;3
54;49;3
54;50;3
54;51;3
54;52;3
54;53;3
54;54;4
54;55;3
54;56;3
54;57;3
54;58;2
54;59;2
54;60;2
54;61;3
54;62;3
54;63;3
54;69;3
54;73;3
54;74;3
54;75;2
54;76;2
54;77;2
54;101;3
54;106;3
54;120;3
54;124;3
54;125;3
54;127;3
54;131;2
54;140;2
54;144;3
54;146;3
54;174;3
54;175;3
54;178;4
54;5;4
54;11;3
54;17;3
54;26;3
54;27;3
54;39;3
54;92;3
54;93;3
54;94;3
54;95;3
54;96;3
54;97;3
54;98;3
54;99;3
54;100;3
54;102;3
54;103;2
54;104;2
54;105;3
54;107;3
54;108;3
54;109;3
54;110;3
54;111;3
54;112;3
54;117;3
54;118;3
54;119;3
54;132;3
54;30;3
54;31;3
54;41;3
54;130;2
54;148;3
54;149;3
54;24;3
54;28;3
54;29;3
54;33;3
54;37;3
54;150;2
54;152;3
54;173;4
54;70;3
54;2;4
54;20;3
55;1;3
55;18;3
55;21;3
55;49;3
55;50;3
55;51;3
55;52;3
55;53;3
55;54;3
55;55;3
55;56;3
55;57;2
55;58;2
55;59;2
55;60;3
55;61;3
55;62;3
55;63;3
55;72;4
55;73;3
55;74;3
55;75;3
55;76;4
55;77;2
55;106;4
55;124;3
55;125;3
55;127;3
55;131;3
55;140;3
55;144;4
55;174;4
55;175;4
55;178;4
55;5;4
55;11;3
55;17;3
55;25;4
55;26;4
55;27;3
55;39;3
55;43;3
55;44;3
55;45;3
55;46;3
55;92;3
55;93;3
55;94;3
55;95;3
55;96;3
55;97;3
55;98;3
55;99;3
55;100;3
55;102;4
55;105;4
55;107;3
55;108;3
55;109;3
55;110;4
55;111;4
55;112;4
55;117;3
55;118;3
55;119;3
55;132;3
55;143;2
55;22;2
55;23;4
55;30;4
55;31;4
55;34;4
55;38;2
55;130;3
55;148;3
55;149;3
55;161;2
55;24;4
55;28;4
55;29;4
55;32;4
55;33;3
55;35;2
55;37;3
55;114;3
55;116;3
55;150;3
55;2;3
56;1;3
56;10;2
56;18;3
56;21;3
56;49;3
56;50;3
56;51;3
56;52;3
56;53;3
56;54;3
56;55;3
56;56;3
56;57;3
56;58;2
56;59;2
56;60;3
56;61;3
56;62;3
56;63;3
56;72;3
56;73;4
56;74;3
56;75;3
56;76;2
56;77;2
56;101;4
56;106;3
56;120;3
56;124;2
56;126;3
56;127;2
56;128;3
56;131;2
56;140;2
56;144;3
56;146;3
56;174;2
56;175;2
56;176;2
56;178;3
56;186;3
56;5;4
56;6;2
56;11;3
56;17;3
56;25;4
56;26;4
56;27;2
56;39;3
56;40;4
56;43;2
56;44;3
56;45;3
56;46;2
56;79;3
56;92;3
56;93;3
56;94;3
56;95;3
56;96;3
56;97;3
56;98;3
56;99;3
56;100;3
56;102;3
56;104;3
56;105;3
56;107;3
56;108;3
56;109;3
56;110;4
56;111;3
56;112;3
56;117;3
56;118;3
56;119;3
56;132;2
56;143;3
56;22;4
56;23;2
56;30;4
56;31;4
56;34;4
56;36;4
56;38;4
56;41;3
56;42;3
56;130;3
56;147;3
56;148;3
56;149;3
56;161;3
56;183;2
56;185;3
56;32;3
56;33;2
56;35;3
56;37;4
56;114;3
56;115;3
56;116;3
56;150;3
56;151;3
56;152;4
56;159;3
56;160;3
56;173;3
56;162;3
56;165;3
56;166;3
56;113;3
56;2;3
56;20;3
56;154;3
56;8;3
56;9;3
56;12;3
56;13;3
56;7;1
56;171;3
57;1;4
57;18;3
57;21;4
57;49;3
57;50;4
57;51;4
57;52;4
57;53;4
57;54;4
57;55;3
57;56;4
57;57;3
57;58;4
57;59;3
57;60;4
57;61;3
57;62;3
57;63;4
57;73;4
57;74;4
57;75;3
57;76;4
57;77;3
57;101;3
57;106;3
57;120;3
57;124;3
57;125;3
57;127;3
57;129;4
57;131;2
57;134;3
57;144;3
57;168;4
57;174;4
57;175;4
57;178;4
57;186;4
57;5;4
57;6;2
57;11;4
57;17;4
57;25;3
57;26;3
57;27;3
57;39;3
57;43;3
57;44;3
57;45;3
57;46;3
57;79;3
57;92;3
57;93;3
57;94;3
57;95;3
57;96;3
57;97;3
57;98;3
57;99;3
57;100;3
57;102;3
57;103;3
57;104;3
57;105;3
57;107;3
57;108;3
57;109;3
57;110;3
57;111;3
57;112;3
57;118;2
57;132;3
57;135;3
57;143;2
57;22;3
57;23;3
57;30;3
57;31;3
57;36;3
57;38;2
57;41;3
57;130;4
57;147;3
57;148;3
57;149;3
57;161;4
57;179;4
57;181;4
57;182;4
57;185;4
57;24;3
57;28;3
57;29;3
57;32;3
57;35;2
57;37;2
57;114;2
57;115;4
57;150;3
57;173;4
57;180;4
57;184;4
57;113;2
57;177;3
57;2;3
57;20;3
58;1;4
58;18;3
58;21;4
58;49;3
58;50;3
58;51;4
58;52;4
58;53;3
58;54;3
58;55;3
58;56;3
58;57;3
58;58;4
58;59;3
58;60;4
58;61;3
58;62;3
58;63;3
58;73;4
58;74;4
58;75;3
58;76;4
58;77;3
58;106;4
58;124;3
58;125;3
58;127;3
58;131;2
58;134;3
58;144;3
58;178;4
58;186;4
58;5;4
58;6;3
58;11;3
58;17;4
58;25;3
58;26;2
58;39;3
58;43;4
58;44;3
58;45;3
58;46;4
58;79;3
58;107;3
58;110;4
58;111;3
58;132;3
58;143;2
58;41;3
58;130;3
58;147;3
58;148;3
58;149;3
58;161;4
58;183;3
58;185;3
58;150;3
58;2;3
58;20;3
58;13;3
59;1;4
59;18;3
59;21;4
59;49;3
59;50;3
59;51;4
59;52;4
59;53;3
59;54;3
59;55;3
59;56;3
59;57;3
59;58;4
59;59;3
59;60;4
59;61;3
59;62;3
59;63;3
59;73;3
59;74;4
59;75;4
59;76;4
59;77;3
59;106;3
59;124;3
59;125;3
59;127;3
59;131;2
59;134;3
59;144;3
59;178;4
59;186;4
59;5;4
59;6;3
59;11;3
59;17;4
59;25;3
59;26;2
59;39;3
59;43;4
59;44;4
59;45;4
59;46;4
59;79;3
59;92;4
59;96;4
59;107;3
59;111;3
59;132;3
59;143;4
59;41;3
59;130;3
59;147;3
59;148;3
59;149;3
59;161;4
59;183;3
59;185;3
59;47;4
59;150;3
59;48;4
59;2;3
59;20;3
59;13;3
60;1;3
60;18;2
60;21;3
60;49;3
60;50;3
60;51;3
60;52;4
60;53;4
60;54;3
60;55;3
60;57;3
60;60;3
60;61;3
60;62;3
60;63;4
60;73;3
60;74;4
60;75;4
60;124;3
60;128;3
60;131;3
60;174;3
60;175;3
60;176;3
60;178;3
60;5;3
60;11;3
60;17;2
60;26;2
60;39;4
60;135;4
60;22;2
60;31;2
60;130;3
60;24;2
60;28;2
60;159;3
60;2;3
60;158;3
61;1;4
61;18;3
61;21;4
61;54;4
61;69;3
61;74;3
61;75;3
61;76;3
61;77;3
61;80;2
61;124;3
61;125;3
61;126;3
61;127;3
61;128;3
61;129;3
61;131;4
61;134;3
61;144;3
61;146;4
61;168;4
61;169;3
61;174;2
61;175;2
61;176;3
61;178;3
61;5;3
61;11;4
61;39;4
61;46;4
61;79;3
61;132;3
61;41;4
61;130;3
61;147;3
61;148;3
61;149;4
61;161;3
61;183;3
61;185;4
61;150;3
61;159;3
61;160;2
61;173;4
61;180;3
61;90;3
61;91;3
61;89;4
61;162;4
61;165;4
61;166;4
61;2;3
61;86;3
62;1;4
62;18;3
62;21;4
62;49;4
62;50;4
62;51;4
62;52;4
62;53;4
62;54;3
62;55;4
62;56;4
62;57;4
62;58;4
62;59;4
62;60;2
62;61;3
62;62;3
62;63;3
62;73;4
62;74;4
62;75;3
62;76;4
62;77;2
62;80;2
62;124;4
62;125;3
62;126;3
62;127;3
62;128;4
62;129;4
62;131;4
62;134;3
62;144;3
62;146;4
62;168;4
62;169;4
62;174;4
62;175;4
62;176;3
62;178;3
62;5;4
62;11;4
62;39;3
62;79;3
62;132;3
62;41;3
62;130;4
62;147;3
62;148;3
62;149;4
62;161;3
62;164;3
62;183;3
62;185;4
62;150;3
62;159;3
62;160;2
62;173;3
62;180;4
62;89;4
62;162;4
62;165;4
62;166;4
62;177;3
62;2;3
62;167;3
63;1;4
63;18;4
63;21;4
63;49;4
63;50;4
63;51;4
63;52;4
63;53;4
63;54;3
63;55;4
63;56;3
63;57;4
63;58;4
63;59;4
63;60;3
63;61;3
63;62;3
63;63;3
63;66;2
63;73;4
63;74;4
63;75;3
63;76;4
63;77;2
63;101;2
63;106;2
63;124;3
63;125;3
63;127;2
63;144;3
63;146;2
63;168;4
63;174;4
63;186;2
63;5;4
63;11;4
63;17;4
63;25;2
63;26;2
63;27;2
63;39;3
63;43;2
63;44;2
63;45;2
63;46;2
63;79;3
63;92;2
63;93;2
63;94;2
63;95;2
63;96;2
63;97;2
63;98;2
63;99;2
63;100;2
63;102;2
63;103;2
63;104;2
63;105;2
63;107;2
63;108;2
63;109;2
63;110;2
63;111;2
63;112;2
63;132;3
63;143;2
63;22;2
63;23;2
63;30;2
63;31;2
63;41;3
63;130;4
63;147;3
63;148;3
63;149;3
63;161;2
63;164;4
63;185;4
63;24;2
63;28;2
63;29;2
63;150;3
63;173;3
63;180;2
63;162;2
63;163;4
63;177;4
63;2;3
63;167;4
64;1;3
64;21;3
64;49;3
64;50;4
64;51;3
64;52;4
64;53;3
64;54;3
64;55;4
64;56;4
64;57;4
64;58;3
64;59;4
64;60;2
64;61;3
64;62;3
64;63;3
64;73;2
64;74;3
64;75;3
64;76;2
64;77;2
64;124;3
64;127;3
64;131;4
64;144;2
64;5;3
64;11;4
64;132;4
64;41;3
64;130;3
64;148;3
64;149;3
64;161;2
64;185;3
64;150;3
64;177;4
64;2;3
64;3;3
64;4;3
67;1;3
67;21;3
67;49;4
67;50;3
67;51;4
67;52;3
67;53;2
67;54;3
67;55;3
67;57;3
67;59;2
67;61;4
67;62;3
67;63;3
67;73;2
67;74;3
67;5;3
67;17;2
67;132;3
67;161;2
67;2;3
73;1;3
73;21;2
73;49;3
73;50;3
73;51;3
73;52;3
73;53;2
73;54;3
73;55;3
73;57;3
73;59;3
73;60;2
73;61;3
73;62;3
73;63;3
73;73;2
73;74;3
73;75;4
73;76;2
73;124;3
73;144;3
73;5;4
73;39;4
73;41;3
73;42;4
73;149;3
73;161;2
73;150;3
73;70;3
73;2;3
74;1;3
74;21;3
74;49;3
74;50;3
74;51;3
74;52;3
74;53;3
74;54;3
74;55;4
74;56;4
74;57;4
74;58;3
74;59;3
74;60;2
74;61;3
74;62;3
74;63;3
74;73;2
74;74;3
74;75;4
74;76;2
74;77;2
74;124;3
74;125;3
74;127;3
74;131;4
74;144;3
74;5;4
74;11;3
74;25;1
74;39;4
74;43;2
74;132;3
74;41;3
74;42;3
74;130;2
74;147;3
74;148;3
74;149;3
74;161;2
74;150;3
74;2;3
75;1;4
75;18;2
75;21;3
75;49;3
75;50;3
75;51;4
75;53;3
75;54;4
75;55;3
75;56;4
75;57;4
75;60;2
75;61;4
75;62;4
75;63;3
75;72;4
75;73;4
75;74;2
75;75;4
75;76;3
75;77;2
75;124;3
75;125;3
75;127;3
75;131;4
75;144;3
75;174;3
75;175;3
75;176;3
75;178;4
75;5;3
75;39;3
75;132;4
75;41;3
75;130;2
75;147;3
75;148;3
75;161;2
75;150;3
75;90;4
75;91;4
75;2;4
76;1;4
76;21;2
76;49;4
76;50;3
76;51;3
76;52;4
76;53;3
76;54;4
76;55;3
76;56;3
76;57;4
76;58;3
76;59;3
76;60;3
76;61;4
76;62;3
76;63;3
76;66;4
76;69;3
76;73;2
76;74;3
76;75;4
76;76;3
76;77;2
76;124;3
76;125;3
76;127;3
76;128;3
76;129;3
76;169;3
76;174;3
76;175;3
76;176;3
76;178;3
76;5;4
76;132;3
76;41;3
76;130;3
76;148;3
76;149;3
76;161;2
76;185;3
76;150;3
76;159;3
76;160;3
76;173;3
76;64;4
76;65;4
76;67;4
76;70;4
76;71;4
76;90;2
76;91;2
76;2;4
79;1;4
79;49;4
79;50;3
79;51;4
79;52;4
79;53;4
79;54;4
79;55;3
79;56;4
79;57;4
79;58;3
79;59;3
79;60;3
79;61;4
79;62;3
79;63;3
79;66;2
79;73;3
79;74;3
79;75;2
79;77;2
79;124;2
79;125;3
79;126;3
79;127;3
79;128;3
79;129;3
79;140;4
79;169;3
79;174;3
79;175;3
79;176;3
79;178;3
79;5;4
79;132;3
79;41;3
79;130;3
79;148;3
79;149;3
79;185;3
79;35;3
79;150;3
79;159;3
79;160;3
79;173;3
79;64;3
79;65;3
79;68;4
79;70;3
79;90;2
79;91;2
79;2;4
80;1;3
80;18;3
80;21;3
80;49;4
80;50;3
80;51;4
80;52;3
80;53;4
80;54;4
80;55;3
80;56;3
80;57;3
80;58;3
80;59;4
80;60;4
80;61;3
80;62;4
80;63;4
80;69;2
80;73;2
80;74;3
80;75;3
80;76;3
80;77;3
80;80;2
80;123;3
80;124;3
80;125;3
80;126;3
80;127;3
80;128;3
80;129;3
80;131;3
80;133;3
80;134;3
80;142;3
80;144;3
80;146;3
80;168;3
80;169;3
80;174;3
80;175;3
80;176;3
80;178;3
80;5;4
80;11;3
80;17;2
80;39;3
80;79;3
80;132;3
80;143;2
80;41;3
80;130;3
80;147;3
80;148;3
80;149;3
80;161;3
80;183;4
80;185;4
80;150;2
80;151;3
80;159;2
80;160;3
80;173;3
80;180;3
80;145;3
80;141;2
80;153;2
80;154;2
80;157;2
80;158;2
80;81;2
80;82;2
80;83;4
80;84;2
80;85;2
80;86;4
80;87;3
80;88;4
81;1;3
81;18;3
81;21;3
81;49;4
81;50;3
81;51;4
81;52;3
81;53;3
81;54;3
81;55;3
81;56;3
81;57;3
81;58;3
81;59;3
81;60;4
81;61;3
81;62;4
81;63;3
81;69;2
81;73;2
81;74;3
81;75;3
81;76;3
81;77;3
81;80;2
81;123;3
81;124;3
81;125;3
81;126;3
81;127;3
81;128;3
81;129;3
81;131;3
81;133;3
81;134;3
81;142;3
81;144;3
81;146;3
81;168;3
81;169;3
81;174;3
81;175;3
81;176;3
81;178;3
81;5;4
81;11;3
81;17;2
81;39;3
81;79;3
81;132;3
81;143;2
81;41;3
81;130;3
81;147;3
81;148;3
81;149;3
81;161;3
81;183;4
81;185;4
81;150;2
81;151;3
81;159;2
81;160;2
81;173;3
81;180;3
81;145;3
81;2;2
81;141;2
81;153;2
81;154;2
81;157;2
81;158;2
81;81;4
81;82;4
81;83;2
81;84;4
81;85;4
81;86;2
81;87;4
81;88;2
39;18;4
39;19;4
39;21;4
39;49;4
39;50;3
39;51;4
39;52;4
39;53;4
39;54;4
39;55;4
39;56;3
39;57;3
39;58;3
39;59;3
39;60;3
39;61;3
39;62;3
39;63;3
39;72;2
39;73;4
39;74;4
39;75;4
39;76;4
39;77;4
39;80;4
39;101;3
39;123;3
39;124;3
39;125;3
39;126;4
39;127;3
39;129;3
39;138;4
39;140;4
39;142;4
39;146;3
39;174;3
39;175;3
39;176;4
39;178;4
39;186;4
39;5;4
39;11;3
39;17;3
39;43;2
39;44;2
39;45;2
39;132;3
39;41;3
39;78;3
39;130;3
39;147;3
39;148;3
39;149;3
39;161;3
39;183;4
39;185;3
39;150;3
39;173;4
39;172;3
39;177;4
39;20;3
39;122;4
39;136;4
39;137;4
39;139;4
39;141;4
39;171;3
40;18;4
40;19;4
40;21;4
40;49;4
40;50;3
40;51;4
40;52;4
40;53;4
40;54;4
40;55;4
40;56;3
40;57;3
40;58;3
40;59;3
40;60;3
40;61;3
40;62;3
40;63;3
40;72;2
40;73;4
40;74;4
40;75;4
40;76;4
40;77;4
40;80;4
40;101;3
40;123;3
40;124;3
40;125;3
40;126;4
40;127;3
40;129;3
40;138;4
40;140;4
40;142;4
40;146;3
40;174;3
40;175;3
40;176;4
40;178;4
40;186;4
40;5;4
40;11;3
40;17;3
40;43;2
40;44;2
40;45;2
40;132;3
40;41;3
40;78;3
40;130;3
40;147;3
40;148;3
40;149;3
40;161;3
40;183;4
40;185;3
40;150;3
40;173;4
40;172;3
40;177;4
40;20;3
40;122;4
40;136;4
40;137;4
40;139;4
40;141;4
40;171;3
49;21;2
49;49;3
49;50;2
49;51;3
49;52;3
49;53;3
49;54;2
49;55;2
49;57;3
49;60;3
49;61;3
49;62;3
49;63;3
49;73;3
49;74;3
49;101;2
49;5;3
49;25;2
49;26;3
49;39;3
49;46;3
49;92;2
49;93;2
49;94;2
49;95;2
49;96;2
49;97;2
49;98;2
49;99;2
49;100;2
49;102;2
49;104;2
49;105;2
49;110;2
49;112;3
49;117;2
49;118;2
49;119;4
49;143;3
49;30;3
49;28;3
49;29;3
49;32;4
49;33;3
49;35;3
49;37;4
49;114;2
49;115;2
49;116;4
49;2;2
49;8;4
49;12;4
49;7;4
50;21;2
50;49;3
50;50;2
50;51;3
50;52;3
50;53;3
50;54;2
50;55;2
50;57;3
50;60;3
50;61;3
50;62;3
50;63;3
50;73;3
50;74;3
50;101;2
50;120;3
50;140;2
50;142;2
50;144;2
50;186;3
50;5;3
50;25;2
50;26;3
50;39;3
50;44;2
50;45;3
50;46;3
50;92;3
50;93;3
50;94;3
50;95;3
50;96;3
50;97;3
50;98;3
50;102;2
50;117;3
50;119;4
50;143;3
50;36;2
50;147;2
50;161;2
50;183;2
50;185;3
50;35;3
50;37;4
50;114;2
50;115;3
50;116;4
50;48;3
50;113;3
50;2;2
50;121;2
65;21;2
65;49;4
65;50;3
65;51;3
65;53;3
65;54;3
65;55;2
65;57;2
65;61;4
65;62;3
65;63;3
65;73;2
65;5;3
65;17;2
65;161;2
65;185;3
65;173;4
65;2;4
65;4;4
66;21;2
66;49;4
66;50;3
66;51;4
66;52;3
66;53;3
66;55;3
66;57;3
66;61;4
66;62;3
66;63;3
66;73;2
66;5;3
66;161;2
66;185;3
66;173;4
66;2;4
66;4;4
68;21;2
68;49;4
68;50;2
68;51;4
68;52;3
68;53;2
68;55;3
68;57;3
68;59;2
68;60;2
68;61;4
68;62;4
68;63;3
68;5;3
68;161;2
68;2;3
68;3;4
70;21;2
70;49;4
70;50;3
70;51;3
70;52;3
70;53;3
70;54;2
70;55;3
70;57;3
70;59;3
70;61;3
70;62;3
70;63;3
70;131;3
70;11;3
70;132;3
70;14;4
70;15;2
70;16;4
48;49;2
48;50;3
48;51;3
48;52;3
48;53;3
48;54;3
48;55;4
48;56;2
48;57;2
48;60;2
48;63;3
48;73;2
48;74;2
48;76;3
48;101;2
48;106;2
48;5;3
48;26;2
48;92;2
48;93;2
48;94;2
48;95;2
48;96;2
48;97;2
48;98;2
48;99;2
48;100;2
48;105;2
48;107;2
48;108;2
48;109;2
48;110;2
48;111;2
48;112;2
48;119;4
48;143;3
48;37;2
48;114;3
48;116;4
48;151;2
48;2;2
48;12;3
48;7;4
48;121;2
69;49;2
69;50;2
69;51;2
69;53;2
69;55;2
69;57;2
69;60;2
69;61;4
69;62;3
69;63;3
69;5;2
69;11;3
69;161;2
69;173;3
69;2;3
69;170;4
71;49;3
71;50;3
71;51;2
71;52;3
71;53;3
71;55;3
71;57;3
71;61;3
71;62;3
71;63;3
72;49;4
72;50;3
72;51;3
72;52;3
72;55;3
72;57;3
72;62;3
72;63;3
72;14;4
72;15;3
72;16;4
77;49;3
77;50;3
77;51;3
77;54;3
77;55;3
77;57;3
77;61;3
77;62;3
77;63;3
77;66;4
77;69;2
77;5;3
77;64;4
77;65;4
77;67;3
77;71;4
77;2;4
78;49;3
78;50;2
78;51;3
78;54;3
78;55;3
78;57;3
78;61;3
78;62;3
78;63;3
78;66;2
78;69;2
78;5;2
78;64;3
78;65;2
78;67;1
78;71;1
78;2;3
79;1;4
79;2;4
79;5;4
79;35;3
79;41;3
79;49;4
79;50;3
79;51;4
79;52;4
79;53;4
79;54;4
79;55;3
79;56;4
79;57;4
79;58;3
79;59;3
79;60;3
79;61;4
79;62;3
79;63;3
79;64;3
79;65;3
79;66;2
79;68;4
79;70;3
79;73;3
79;75;3
79;77;2
79;90;2
79;91;2
79;124;2
79;125;2
79;126;3
79;127;3
79;128;3
79;129;3
79;130;3
79;132;3
79;140;3
79;148;4
79;149;3
79;150;3
79;159;3
79;160;3
79;169;3
79;173;3
79;174;3
79;175;3
79;176;3
79;178;3
79;185;3
80;1;3
80;5;4
80;11;3
80;17;2
80;18;3
80;21;3
80;39;3
80;41;3
80;48;4
80;49;3
80;50;4
80;51;3
80;52;4
80;53;4
80;54;3
80;55;3
80;56;3
80;57;3
80;58;4
80;59;4
80;60;3
80;61;4
80;62;4
80;63;2
80;69;2
80;73;3
80;74;3
80;75;3
80;76;3
80;77;3
80;79;3
80;80;3
80;81;4
80;82;2
80;83;2
80;84;4
80;85;3
80;86;4
80;87;3
80;88;3
80;123;3
80;124;3
80;125;3
80;126;3
80;127;3
80;128;3
80;129;3
80;130;3
80;131;3
80;132;3
80;133;3
80;134;3
80;141;2
80;142;3
80;143;2
80;144;3
80;145;3
80;146;3
80;147;3
80;148;3
80;149;3
80;150;2
80;151;3
80;153;2
80;154;2
80;157;2
80;158;2
80;159;2
80;160;3
80;161;3
80;168;3
80;169;3
80;173;3
80;174;3
80;175;3
80;176;3
80;178;3
80;180;3
80;183;4
80;185;4
81;1;3
81;2;2
81;5;4
81;11;3
81;17;2
81;18;3
81;21;3
81;39;3
81;41;3
81;49;4
81;50;3
81;51;4
81;52;3
81;53;3
81;54;3
81;55;3
81;56;3
81;57;3
81;58;3
81;59;3
81;60;4
81;61;3
81;62;4
81;63;3
81;69;2
81;73;2
81;74;3
81;75;3
81;76;3
81;77;3
81;79;3
81;80;2
81;81;4
81;82;4
81;83;2
81;84;4
81;85;4
81;86;2
81;87;4
81;88;2
81;123;3
81;124;3
81;125;3
81;126;3
81;127;3
81;128;3
81;129;3
81;130;3
81;131;3
81;132;3
81;133;3
81;134;3
81;141;2
81;142;3
81;143;2
81;144;3
81;145;3
81;146;3
81;147;3
81;148;3
81;149;3
81;150;2
81;151;3
81;153;2
81;154;2
81;157;2
81;158;2
81;159;2
81;160;2
81;161;3
81;168;3
81;169;3
81;173;3
81;176;3
81;178;3
81;180;3
81;183;4
81;185;4
